城市,拼音
香港,hongkong
澳门,macau
台北,taipei
阿拉善,alashan
鞍山,anshan
安庆,anqing
安阳,anyang
阿坝,aba
安顺,anshun
阿里,ali
安康,ankang
安国市,anguo
安新县,anxin
安平县,anping
安泽县,anzhe
阿尔山市,aershan
安图县,antu
阿城区,acheng
安达市,anda
安吉县,anji
安溪县,anxi
安义县,anyi
安远县,anyuan
安福县,anfu
安丘市,anqiu
安阳县,anyangxian
安陆市,anlu
安乡县,anxiang
安化县,anhua
安仁县,anren
安州区,anxian
安岳县,anyue
阿坝县,abaxian
安龙县,anliu
安宁市,anning
安多县,anduo
昂仁县,angren
安塞区,ansai
阿克塞哈萨克族自治县,akesai
阿鲁科尔沁旗,aluqinqi
敖汉旗,aohanqi
阿荣旗,arongqi
阿巴嘎旗,abagaqi
阿拉善左旗,azuoqi
阿拉善右旗,ayouqi
北京,beijing
保定,baoding
包头,baotou
巴彦淖尔,bayannaoer
本溪,benxi
白山,baishan
白城,baicheng
蚌埠,bengbu
亳州,bozhou
滨州,binzhou
北海,beihai
百色,baise
巴中,bazhong
毕节市,bijieshi
保山,baoshan
宝鸡,baoji
白银,baiyin
白沙,baisha
保亭,baoting
霸州市,bazhou
博野县,boye
泊头市,botou
柏乡县,boxiang
保德县,baode
北票市,beipiao
本溪满族自治县,benxixian
北镇市,beining
宾县,binxian
巴彦县,bayan
勃利县,boli
拜泉县,baiquan
北安市,beian
宝清县,baoqing
滨海县,binhai
宝应县,baoying
博兴县,boxing
博爱县,boai
宝丰县,baofeng
泌阳县,miyang
保康县,baokang
巴东县,badong
保靖县,baojing
博罗县,boluo
宾阳县,binyang
北流市,beiliu
博白县,bobai
巴马瑶族自治县,bama
北川羌族自治县,beichuan
宝兴县,baoxing
白玉县,baiyu
巴塘县,batang
布拖县,butuo
碧江区,tongren
宾川县,binchuan
比如县,biru
班戈县,bange
巴青县,baqing
八宿县,basu
边坝县,bianba
巴宜区,linzhixian
波密县,bomi
白朗县,bailang
白水县,baishui
彬县,binxianshi
白河县,baihe
班玛县,banma
璧山区,bishan
巴州区,bazhouqu
巴林左旗,bazuoqi
巴林右旗,bayouqi
博鳌,boao
白云山,baiyunshan
博山,boshan
宝坻区,baodi
成都,chengdu
重庆,chongqing
长春,changchun
长沙,changsha
承德,chengde
沧州,cangzhou
长治,changzhi
赤峰,chifeng
朝阳,chaoyang
常州,changzhou
滁州,chuzhou
巢湖,chaohu
池州,chizhou
常德,changde
郴州,chenzhou
潮州,chaozhou
楚雄州,chuxiongzhou
昌都市,changdudiqu
昌江,changjiang
澄迈县,chengmai
崇左,chongzuo
从化区,conghua
常熟,changshu
慈溪,cixi
长海县,changhai
赤城县,chicheng
崇礼区,chongli
承德县,chengdexian
昌黎县,cangli
沧县,cangxian
成安县,chengan
磁县,cixian
长治县,changzhixian
长子县,changzi
朝阳县,chaoyangxian
昌图县,cangtu
长岭县,changling
长白朝鲜族自治县,chengbai
淳安县,chunan
长兴县,changxing
常山县,changshan
苍南,cangnan
长丰县,changfeng
长乐,changle
长泰县,changtai
长汀县,changting
崇义县,chongyi
崇仁县,chongren
茌平县,chiping
昌邑市,cangyi
昌乐县,cangle
长岛县,changdao
曹县,caoxian
成武县,chengwu
长垣县,changyuan
长葛市,changge
赤壁市,chibi
崇阳县,chongyang
长阳土家族自治县,changyang
慈利县,cili
茶陵县,chaling
常宁市,changning
城步苗族自治县,chengbu
辰溪县,chenxi
潮安区,chaoan
岑溪市,cenxi
苍梧县,cangwu
崇州市,chongzhou
苍溪县,cangxi
长宁县,changningxian
赤水市,chishui
岑巩县,cengong
从江县,congjian
长顺县,changshun
册亨县,ceheng
呈贡区,chenggong
澄江县,chengjian
昌宁县,cangning
沧源佤族自治县,changyuanxian
楚雄市,chuxiong
察雅县,chaya
察隅县,chayu
措美县,cuomei
错那县,cuona
措勤县,cuoqin
澄城县,chengcheng
长武县,changwu
淳化县,chunhua
城固县,chenggu
崇信县,chongxin
成县,chengxian
称多县,chenduo
城口县,chengkou
陈巴尔虎旗,chenhuqi
察哈尔右翼前旗,chayouqianqi
察哈尔右翼中旗,chayouzhongqi
察哈尔右翼后旗,chayouhouqi
崇明区,chongmingqu
长白山,changbaishan
长寿区,changshou
潮阳,chaoyangshantou
澄海,chenghai
长清区,changqing
茶山镇,chashan
曹妃甸区,caofeidian
大连,dalian
东莞,dongguan
大同,datong
丹东,dandong
大庆,daqing
大兴安岭,daxinganling
东营,dongying
德州,dezhou
德阳,deyang
达州,dazhou
大理州,dali
德宏,dehong
迪庆,diqing
定西,dingxi
儋州,danzhou
定安县,dingan
东方,dongfang
大城县,dacheng
大厂回族自治县,dachang
定州市,dingzhou
定兴县,dingxing
东光县,dongguang
大名县,daming
大同县,datongxian
定襄县,dingxiang
代县,daixian
大宁县,daning
磴口县,dengkou
多伦县,duolun
调兵山市,diaobingshan
灯塔市,dengta
东港市,donggang
大石桥市,dashiqiao
大洼区,dawa
德惠市,dehui
大安市,daan
东丰县,dongfeng
东辽县,dongliao
敦化市,dunhua
杜尔伯特蒙古族自治县,duerbote
东宁市,dongning
东海县,donghai
东台市,dongtai
大丰区,dafeng
丹阳市,danyang
德清县,deqing
岱山县,daishan
东阳,dongyang
洞头区,dongtou
砀山县,dangshan
定远县,dingyuan
当涂县,dangtou
东至县,dongzhi
大田县,datian
德化县,dehua
东山县,dongshan
德安县,dean
都昌县,ducang
大余县,dayu
定南县,dingnan
德兴市,dexing
东乡区,dongxiang
东阿县,donga
东平县,dongping
定陶区,dingtao
东明县,dongming
登封市,dengfeng
邓州市,dengzhou
郸城县,dancheng
丹江口市,danjiangkou
大悟县,dawu
大冶市,daye
当阳市,dangyang
东安县,dongan
道县,daoxian
洞口县,dongkou
东源县,dongyuan
大埔县,dapu
德庆县,deqingxian
电白区,dianbai
东兴市,dongxing
大新县,daxin
德保县,debao
东兰县,donglan
都安瑶族自治县,duan
大化瑶族自治县,dahua
都江堰市,dujiangyan
大邑县,dayi
大英县,daying
大竹县,dazhu
丹棱县,danleng
丹巴县,danba
道孚县,daofu
德格县,dege
稻城县,daocheng
得荣县,derong
德昌县,decang
道真仡佬族苗族自治县,daozhen
大方县,dafang
德江县,dejian
丹寨县,danzhai
都匀市,duyun
独山县,dushan
大关县,daguan
德钦县,deqin
大姚县,dayao
当雄县,dangxiong
堆龙德庆区,duilongdeqing
达孜区,dazi
丁青县,dingqing
定日县,dingri
定结县,dingjie
大荔县,dalixian
定边县,dingbian
丹凤县,danfeng
敦煌市,dunhuang
宕昌县,dangcang
东乡族自治县,dongxiangzu
迭部县,diebu
大通回族土族自治县,datongzzxian
达日县,dari
德令哈市,delingha
都兰县,dulan
大足区,dazu
垫江县,dianjian
大通区,datongqu
达尔罕茂明安联合旗,daerhanqi
达拉特旗,dalateqi
东乌珠穆沁旗,dongwuqinqi
大理市,dalishi
斗门,doumen
东坑镇,dongkeng
鄂尔多斯,eerduosi
鄂州,ezhou
恩施,enshizhou
额尔古纳市,eerguna
二连浩特市,erlianhaote
恩施市,enshi
恩平市,enping
峨眉山市,emeishan
峨边彝族自治县,ebian
峨山彝族自治县,eshan
洱源县,eryuan
鄂托克前旗,eqianqi
鄂托克旗,eqi
鄂伦春自治旗,elunchunqi
鄂温克族自治旗,ewenkeqi
额济纳旗,ejinaqi
福州,fuzhou
佛山,foshan
抚顺,fushun
阜新,fuxin
阜阳,fuyang
抚州,jiangxifuzhou
防城港,fangchenggang
奉化,fenghua
福清,fuqing
丰宁满族自治县,fengning
抚宁区,funingqu
阜平县,fuping
阜城县,fucheng
肥乡区,feixiang
繁峙县,fanzhi
浮山县,fushan
汾西县,fenxi
汾阳市,fengyang
方山县,fangshan
丰镇市,fengzhen
法库县,fakun
阜新蒙古族自治县,fuxinxian
抚顺县,lnfushunxian
凤城市,fengcheng
扶余市,fuyu
抚松县,fusong
方正县,fangzheng
富裕县,fuyuxian
富锦市,fujin
抚远市,fuyuan
丰县,fengxian
阜宁县,funingxian
富阳区,fuyangfy
肥东县,feidong
肥西县,feixi
阜南县,funan
凤台县,fengtai
凤阳县,fengyangxian
繁昌县,fancang
福安市,fuan
福鼎,fuding
浮梁县,fuliang
分宜县,fenyi
丰城市,fengchengshi
奉新县,fengxin
费县,feixian
肥城市,feicheng
封丘县,fengqiu
范县,fanxian
方城县,fangcheng
扶沟县,fugou
房县,fangxian
凤凰县,fenghuang
佛冈县,fogang
丰顺县,fengshun
封开县,fengkai
扶绥县,fusui
凤山县,fengshan
富川瑶族自治县,fuchuan
富顺县,fushunxian
凤冈县,fenggang
福泉市,fuquan
富民县,fumin
富源县,fuyuanxian
凤庆县,fengqing
福贡县,fugong
富宁县,wszfuning
富县,fuxian
富平县,fupingxian
凤翔县,fengxiang
扶风县,fufeng
凤县,fengxianxian
佛坪县,fopin
府谷县,fugu
丰都县,fengdu
奉节县,fengjie
富春江,fuchunjiang
涪陵区,fuling
富拉尔基区,fulaerji
广州,guangzhou
贵阳,guiyang
赣州,ganzhou
桂林,guilin
贵港,guigang
广元,guangyuan
广安,guangan
甘孜州,ganzi
甘南,gannanzhou
果洛,guoluo
固原,guyuan
格尔木市,geermu
高邮市,gaoyou
藁城区,gaocheng
高邑县,gaoyi
沽源县,guyuanxian
固安县,guan
高碑店市,gaopaidian
高阳县,gaoyang
故城县,gucheng
广宗县,guangzong
广平县,guangping
馆陶县,guantao
古交市,gujiao
广灵县,guangling
高平市,gaoping
古县,guxian
固阳县,guyang
根河市,genhe
盖州市,gaizhou
公主岭市,gongzhuling
甘南县,gannan
高淳区,gaochun
赣榆区,ganyu
灌云县,guanyun
灌南县,guannan
涡阳县,woyang
固镇县,guzhen
广德县,guangde
光泽县,guangze
古田县,gutian
贵溪市,guixi
赣县,ganxian
广丰区,guangfeng
广昌县,guangcang
高安市,gaoan
冠县,guanxian
高唐县,gaotang
广饶县,guangrao
高青县,gaoqing
高密市,gaomi
巩义市,gongyi
光山县,guangshan
固始县,gushi
谷城县,guchengxian
公安县,gongan
广水市,guangshui
桂阳县,guiyangxian
桂东县,guidong
古丈县,guzhang
高要区,gaoyao
广宁县,guangning
高州市,gaozhou
灌阳县,guanyang
恭城瑶族自治县,gongcheng
桂平市,guiping
广汉市,guanghan
古蔺县,gulin
高县,gaoxian
珙县,gongxian
甘孜县,ganzixian
甘洛县,ganluo
关岭布依族苗族自治县,guanling
贵定县,guiding
耿马傣族佤族自治县,genma
贡山独龙族怒族自治县,gongshan
个旧市,gejiu
广南县,guangnan
贡觉县,gongjue
工布江达县,gongbujiangda
贡嘎县,gongga
岗巴县,gangba
噶尔县,geer
革吉县,geji
改则县,gaize
高陵区,gaoling
甘泉县,ganquan
皋兰县,gaolan
甘谷县,gangu
古浪县,gulang
瓜州县,anxixian
高台县,gaotai
广河县,guanghe
刚察县,gangcha
甘德县,gande
共和县,gonghe
贵德县,guide
贵南县,guinan
共青城市,gongqingcheng
鼓浪屿,gulangyu
高明区,gaoming
杭州,hangzhou
海口,haikou
哈尔滨,haerbin
合肥,hefei
呼和浩特,huhehaote
邯郸,handan
衡水,hengshui
呼伦贝尔,hulunbeier
葫芦岛,huludao
鹤岗,hegang
黑河,heihe
淮安,huaian
湖州,huzhou
淮南,huainan
淮北,huaibei
黄山,huangshan
菏泽,heze
鹤壁,hebi
黄石,huangshi
黄冈,huanggang
衡阳,hengyang
怀化,huaihua
惠州,huizhou
河源,heyuan
贺州,hezhou
河池,hechi
红河,honghe
汉中,hanzhong
海东,haidong
海北,haibei
黄南,huangnan
海西,haixi
潢川县,huangchuan
珲春市,huichun
海南州,hainanzhou
怀安县,huaianxian
怀来县,huailai
黄骅市,huanghua
河间市,hejian
海兴县,haixing
怀仁县,huairen
浑源县,hunyuan
壶关县,huguan
河曲县,hequ
和顺县,heshun
侯马市,houma
霍州市,huozhou
洪洞县,hongdong
和林格尔县,helingeer
霍林郭勒市,huolinguole
化德县,huade
桓仁满族自治县,huanren
海城市,haicheng
黑山县,heishan
桦甸市,huadian
辉南县,huinan
和龙市,heliu
桦南县,huanan
桦川县,huachuan
虎林市,hulin
海林市,hailin
海伦市,hailun
呼玛县,huma
洪泽区,hongze
海门市,haimen
海安县,haian
海宁市,haining
海盐县,haiyan
怀远县,huaiyuan
怀宁县,huaining
霍邱县,huoqiu
霍山县,huoshan
含山县,hanshan
和县,hexian
惠安县,huian
华安县,huaan
湖口县,hukou
会昌县,huicang
横峰县,hengfeng
桓台县,huantai
海阳市,haiyang
惠民县,huimin
辉县市,huixian
获嘉县,huojia
滑县,huaxian
淮滨县,huaibin
淮阳县,huaiyang
汉川市,hanchuan
红安县,hongan
黄梅县,huangmei
洪湖市,honghu
鹤峰县,hefeng
汉寿县,hanshou
华容县,huarong
衡阳县,hengyangxian
衡南县,hengnan
衡山县,hengshan
衡东县,hengdong
洪江市,hongjian
会同县,huitong
花垣县,huayuan
和平县,heping
惠来县,huilai
海丰县,haifeng
惠东县,huidong
鹤山市,heshan
怀集县,huaiji
化州市,huazhoushi
横县,hengxian
合浦县,hepu
环江毛南族自治县,huanjiang
合山市,heshanshi
华蓥市,huayinshi
合江县,hejianxian
洪雅县,hongya
汉源县,hanyuan
黑水县,heishui
红原县,hongyuan
会理县,huili
会东县,huidongxian
赫章县,hezhang
黄平县,huangping
惠水县,huishui
会泽县,huize
华宁县,huaning
华坪县,huapin
鹤庆县,heqing
红河县,honghexian
河口瑶族自治县,helou
邑区,huxian
黄龙县,huangliu
黄陵县,huangling
华阴市,huayin
韩城市,hancheng
华州区,huazhouqu
合阳县,heyang
横山区,hengshanqu
汉阴县,hanyin
会宁县,huining
环县,huanxian
华池县,huachi
合水县,heshui
华亭县,huating
徽县,huixianxian
和政县,hezheng
合作市,hezuo
湟源县,huangyuan
湟中县,huangzhong
互助土族自治县,huzhu
化隆回族自治县,hualong
海晏县,haiyanxian
河南蒙古族自治县,henanxian
贺兰县,helan
河津市,hejin
杭锦旗,hangjinqi
杭锦后旗,hangjinhouqi
海原县,haiyuanxian
横店,hengdian
宏村,hongcun
花水湾,huashuiwan
黄果树,huangguoshu
华山,huashan
合川区,hechuan
河口,hekou
惠阳,huiyang
怀柔区,huairou
汉南区,hannan
济南,jinan
晋城,jincheng
晋中,jinzhong
锦州,jinzhou
吉林,jilin
鸡西,jixi
佳木斯,jiamusi
嘉兴,jiaxing
金华,jinhua
景德镇,jingdezhen
九江,jiujiang
吉安,jian
济宁,jining
焦作,jiaozuo
荆门,jinmen
荆州,jingzhou
江门,jiangmen
揭阳,jieyang
嘉峪关,jiayuguan
金昌,jinchang
酒泉,jiuquan
济源,jiyuan
江都区,jiangdu
江阴,jiangyin
蓟州区,jixian
静海区,jinghai
晋州市,jinzhoushi
井陉县,jingjing
冀州区,jizhou
景县,jingxian
巨鹿县,julu
鸡泽县,jizhe
静乐县,jingle
介休市,jiexiu
吉县,lfjixian
交口县,jiaokou
交城县,jiaocheng
建平县,jianping
建昌县,jiancang
九台区,jiutai
蛟河市,jiaohe
集安市,jianshi
靖宇县,jingyu
嘉荫县,jiayin
集贤县,sysjixianxian
鸡东县,jidong
金湖县,jinhu
建湖县,jianhu
靖江,jingjian
姜堰区,jiangyan
句容市,jurong
金坛区,jintan
建德市,jiande
嘉善县,jiashan
江山市,jianshan
缙云县,jinyun
景宁畲族自治县,jingning
界首市,jieshou
金寨县,jinzhai
泾县,jingxianxian
旌德县,jingde
绩溪县,jixixian
建瓯市,jianou
建阳区,jianyangqu
将乐县,jiangle
建宁县,jianning
晋江,jinjiang
进贤县,jinxian
柴桑区,jiujiangxian
金溪县,jinxi
靖安县,jingan
井冈山市,jinggangshan
吉安县,jianxian
吉水县,jishui
济阳县,jiyang
胶州市,jiaozhou
莒县,juxian
莒南县,junan
金乡县,jinxiang
嘉祥县,jiaxiang
巨野县,juye
鄄城县,juancheng
郏县,jiaxian
京山县,jingshan
嘉鱼县,jiayu
江陵县,jianling
监利县,jianli
建始县,jianshixian
津市市,jinshi
嘉禾县,jiahe
江永县,jianyong
江华瑶族自治县,jianghua
靖州苗族侗族自治县,jingzhouxian
吉首市,jishou
蕉岭县,jiaoling
揭西县,jiexi
靖西市,jingxi
金秀瑶族自治县,jinxiu
金堂县,jintang
剑阁县,jiange
江油市,jianyou
井研县,jingyan
夹江县,jiajian
江安县,jianan
筠连县,junlian
简阳市,jianyang
九寨沟县,jiuzhaigou
金川县,jinchuan
九龙县,jiuliu
金阳县,jinyang
金沙县,jinsha
江口县,jiankou
锦屏县,jinping
剑河县,jianhe
晋宁区,jinning
江川区,jiangchuan
景东彝族自治县,jingdong
景谷傣族彝族自治县,jinggu
江城哈尼族彝族自治县,jiangcheng
剑川县,jianchuan
景洪市,jinghong
建水县,jianshui
金平苗族瑶族傣族自治县,jinpingxian
嘉黎县,jiali
江达县,jianda
加查县,jiacha
江孜县,jianzi
吉隆县,jilong
泾阳县,jingyang
靖边县,jingbian
佳县,jiaxianxian
靖远县,jingyuan
景泰县,jingtai
金塔县,jinta
泾川县,jingchuan
静宁县,jingningxian
积石山保安族东乡族撒拉族自治县,jishishan
尖扎县,jianzha
久治县,jiuzhi
泾源县,jingyuanxian
稷山县,jishanxian
绛县,jiangxian
金门县,jinmenxian
九华山,jiuhuashan
加格达奇区,jiagedaqi
贾汪区,jiawang
江津区,jiangjin
吉利区,jili
昆明,kunming
开封,kaifeng
康定市,kangding
昆山,kunshan
康保县,kangbao
宽城满族自治县,kuancheng
岢岚县,kelan
开鲁县,kailu
康平县,kangping
喀喇沁左翼蒙古族自治县,kalaqinzuiyi
开原市,kaiyuan
宽甸满族自治县,kuandian
克山县,keshan
克东县,kedong
柯桥区,shaoxingxian
开化县,kaihua
垦利区,kenli
开平市,kaiping
开江县,kaijian
开阳县,kaiyang
凯里市,kaili
开远市,kaiyuanshi
卡若区,changdu
康马县,kangma
康县,kangxian
康乐县,kangle
开州区,kaizhouqu
克什克腾旗,ketengqi
喀喇沁旗,keqinqi
科尔沁左翼中旗,kezuozhongqi
科尔沁左翼后旗,kezuohouqi
库伦旗,kulunqi
科尔沁右翼前旗,keyouqianqi
科尔沁右翼中旗,keyouzhongqi
兰州,lanzhou
廊坊,langfang
临汾,linfen
吕梁,lvliang
辽阳,liaoyang
辽源,liaoyuan
连云港,lianyuangang
丽水,lishui
六安,liuan
龙岩,longyan
莱芜,laiwu
临沂,linyi
聊城,liaocheng
洛阳,luoyang
漯河,luohe
娄底,loudi
柳州,liuzhou
泸州,luzhou
乐山,leshan
凉山,liangshan
六盘水,liupanshui
丽江,lijiang
临沧,linchang
拉萨,lasa
林芝市,linzhi
陇南,longnan
临夏州,linxiazhou
来宾,laibin
乐东,ledong
临高县,lingao
陵水,lingshui
溧水区,lishuixian
鹿泉区,luquan
栾城区,luancheng
灵寿县,lingshou
滦平县,luanping
隆化县,longhua
卢龙县,lulong
滦县,luanxian
滦南县,luannan
乐亭县,leting
涞源县,laiyuan
涞水县,laishui
蠡县,lixian
临城县,lincheng
隆尧县,longrao
临西县,linxi
临漳县,linzhang
娄烦县,loufan
灵丘县,lingqiu
潞城市,lucheng
黎城县,licheng
陵川县,lingchuan
灵石县,lingshi
临县,linxian
柳林县,liulin
岚县,lanxian
林西县,linxixian
凉城县,liangcheng
辽中区,liaozhong
凌源市,lingyuan
辽阳县,liaoyangxian
凌海市,linghai
梨树县,lishu
柳河县,liuhe
临江市,linjian
龙井市,liujing
龙江县,longjiang
林甸县,lindian
萝北县,luobei
林口县,linkou
兰西县,lanxixian
涟水县,lianshui
溧阳,liyang
临安,linan
龙游县,liuyou
兰溪市,lanxi
临海市,linhai
龙泉市,liuquan
灵璧县,lingbi
利辛县,lixin
临泉县,linquan
来安县,laian
庐江县,lujian
郎溪县,langxi
连江县,lianjiangxian
罗源县,luoyuan
龙海,liuhai
连城县,liancheng
乐平市,leping
莲花县,lianhua
芦溪县,luxi
龙南县,liunan
黎川县,lichuanxian
乐安县,lean
临清市,linqing
乐陵市,leling
陵城区,lingxian
临邑县,linyixian
利津县,lijin
临朐县,linqu
龙口市,liukou
莱阳市,laiyang
莱州市,laizhou
莱西市,laixi
兰陵县,lanling
临沭县,linshu
梁山县,liangshanxian
灵宝市,lingbao
卢氏县,lushi
栾川县,luanchuan
洛宁县,luoning
林州市,linzhou
兰考县,lankao
临颍县,linying
鲁山县,pdslushan
罗山县,luoshan
鹿邑县,luyi
老河口市,laohekou
罗田县,luotian
利川市,lichuan
来凤县,laifeng
浏阳,liuyang
澧县,cdlixian
临澧县,linli
临湘市,linxiang
醴陵市,liling
耒阳市,leiyang
临武县,linwu
蓝山县,lanshan
隆回县,longhui
冷水江市,lengshuijiang
涟源市,lianyuan
泸溪县,xxluxi
龙山县,liushan
连州市,lianzhou
连山壮族瑶族自治县,lianshan
连南瑶族自治县,liannan
乐昌市,lecang
龙川县,liuchuan
连平县,lianping
陆丰市,lufeng
陆河县,luhe
龙门县,liumen
罗定市,luoding
廉江市,lianjian
雷州市,leizhou
隆安县,longan
灵川县,lingchuanxian
荔浦县,lipu
龙胜各族自治县,longsheng
柳江区,liujiang
柳城县,liucheng
鹿寨县,luzhai
陆川县,luchuan
灵山县,lingshan
龙州县,longzhou
凌云县,lingyun
乐业县,leye
隆林各族自治县,longlin
罗城仫佬族自治县,luocheng
罗江区,luojian
阆中市,langzhong
邻水县,linshui
隆昌市,longcang
泸县,luxian
乐至县,lezhi
芦山县,yalushan
理县,ablixian
泸定县,luding
炉霍县,luhuo
理塘县,litang
雷波县,leibo
黎平县,liping
雷山县,leishan
荔波县,libo
罗甸县,luodian
龙里县,liuli
禄劝彝族苗族自治县,luquanxian
罗平县,luoping
陆良县,luliang
龙陵县,liuling
鲁甸县,ludian
澜沧拉祜族自治县,lancang
梁河县,lianghe
陇川县,longchuan
泸水市,lushui
兰坪白族普米族自治县,lanping
禄丰县,lufengxian
绿春县,lvchun
泸西县,hhluxi
林周县,linzhouxian
类乌齐县,leiwuqi
洛隆县,luolong
朗县,langxian
洛扎县,luozha
隆子县,longzi
浪卡子县,kalangzi
拉孜县,lazi
蓝田县,lantian
洛川县,luochuan
礼泉县,liquan
陇县,longxian
麟游县,linyou
略阳县,lueyang
留坝县,liuba
岚皋县,langao
洛南县,luonan
临泽县,linze
灵台县,lingtai
临洮县,lintao
陇西县,longxi
礼县,lnlixian
两当县,liangdang
临夏市,linxia
临夏县,linxiaxian
临潭县,lintan
碌曲县,luqu
灵武市,lingwu
隆德县,longde
梁平区,liangping
濂溪区,lushan
临猗县,yclinyixian
f直,luzhi
龙虎山,longhushan
泸沽湖,luguhu
临淄,linzi
岚山区,lanshanqu
临潼区,lintong
牡丹江,mudanjiang
马鞍山,maanshan
茂名,maoming
梅州,meizhou
绵阳,mianyang
眉山,meishan
梅河口市,meihekou
密云区,miyun
满城区,mancheng
孟村回族自治县,mengcun
满洲里市,manzhouli
木兰县,mulan
密山市,mishan
穆棱市,muleng
明水县,mingshui
漠河县,mohe
蒙城县,mengcheng
明光市,mingguang
闽侯县,minhou
闽清县,minqing
明溪县,mingxi
蒙阴县,mengyin
渑池县,shenchixian
孟津县,mengjin
孟州市,mengzhou
民权县,minquan
麻城市,macheng
汨罗市,miluo
麻阳苗族自治县,mayang
梅县区,meixian
马山县,mashan
蒙山县,mengshan
绵竹市,mianzhu
沐川县,muchuan
马边彝族自治县,mabian
米易县,miyi
马尔康市,maerkang
茂县,maoxian
冕宁县,mianning
美姑县,meigu
木里藏族自治县,muli
湄潭县,meitan
麻江县,majian
马龙县,maliu
墨江哈尼族自治县,mojiang
孟连傣族拉祜族佤族自治县,menglian
芒市,luxishi
弥渡县,midu
牟定县,moding
勐海县,menghai
勐腊县,mengla
蒙自市,mengzi
弥勒市,mile
麻栗坡县,malipo
马关县,maguan
墨竹工卡县,muzhugongka
芒康县,mangkang
米林县,milin
墨脱县,motuo
眉县,bjmeixian
勉县,mianxian
米脂县,mizhi
民勤县,minqin
民乐县,minle
岷县,minxian
玛曲县,maqu
民和回族土族自治县,minhe
门源回族自治县,menyuan
玛沁县,maqin
玛多县,maduo
莫力达瓦达斡尔族自治旗,molidawaqi
莫干山,moganshan
明月山,mingyueshan
牟平,mouping
门头沟区,mentougou
麻涌镇,mayong
南京,nanjing
宁波,ningbo
南昌,nanchang
南宁,nanning
南通,nantong
南平,nanping
宁德,ningde
南阳,nanyang
内江,neijiang
南充,nanchong
怒江,nujiang
那曲,naqu
宁河区,ninghe
南皮县,nanpi
南宫市,nangong
内丘县,neiqiu
南和县,nanhe
宁晋县,ningjing
宁武县,ningwu
宁城县,ningcheng
农安县,nongan
讷河市,nehe
嫩江县,nengjian
宁安市,ningan
南陵县,nanling
宁国市,ningguo
宁化县,ninghua
南安市,nanan
南靖县,nanjingxian
南昌县,nanchangxian
南康区,nankang
宁都县,ningdu
南城县,nancheng
南丰县,nanfeng
宁津县,ningjin
宁阳县,ningyang
内黄县,neihuang
南乐县,nanle
宁陵县,ningling
南召县,nanzhao
内乡县,neixiang
南漳县,nanzhang
宁乡市,ningxiang
南县,nanxian
宁远县,ningyuan
南雄市,nanxiong
南澳县,nanao
宁明县,ningming
那坡县,napo
南丹县,nandan
南部县,nanbu
南江县,nanjiang
宁南县,ningnan
纳雍县,nayong
宁蒗彝族自治县,ninglang
宁洱哈尼族彝族自治县,ninger
南涧彝族自治县,nanjian
南华县,nanhua
尼木县,nimu
那曲县,naquxian
聂荣县,nierong
尼玛县,nima
乃东区,naidong
南木林县,nanmulin
聂拉木县,nielamu
南郑区,nanzheng
宁强县,ningqiang
宁陕县,ningshan
宁县,ningxian
囊谦县,nangqian
宁海,ninghai
奈曼旗,naimanqi
南戴河,nandaihe
南川区,nanchuan
南沙区,nansha
盘锦,panjin
莆田,putian
萍乡,pingxiang
平顶山,pingdingshan
濮阳,puyang
攀枝花,panzhihua
普洱,puer
平凉,pingliang
普兰店区,pulandian
平山县,pingshan
平泉市,pingquan
平乡县,pingxiangxian
平定县,pingding
平顺县,pingshun
偏关县,pianguan
平遥县,pingyao
蒲县,puxian
盘山县,panshan
磐石市,panshi
邳州市,pizhou
沛县,peixian
平湖市,pinghu
浦江县,pujiang
磐安县,panan
平阳,pingyang
平潭县,pingtan
浦城县,pucheng
平和县,pinghe
屏南县,pingnan
彭泽县,pengze
鄱阳县,poyang
平阴县,pingyin
平原县,pingyuan
蓬莱市,penglai
平度市,pingdu
平邑县,pingyi
濮阳县,puyangxian
平舆县,pingyu
平江县,pingjian
平远县,pingyuanxian
普宁市,puning
平乐县,pingle
平南县,pingnanxian
浦北县,pubei
凭祥市,pingxiangshi
平果县,pingguo
彭州市,pengzhou
郫都区,pixian
蒲江县,pujiangxian
平武县,pingwu
蓬安县,pengan
蓬溪县,pengxi
屏山县,pingshanxian
平昌县,pingcang
彭山区,pengshan
普格县,puge
盘州市,panxian
平坝区,pingba
普定县,puding
平塘县,pingtang
普安县,puan
屏边苗族自治县,pingbian
普兰县,pulan
蒲城县,puchengxian
平利县,pingli
平安区,pingan
平罗县,pingluo
彭阳县,pengyang
彭水苗族土家族自治县,pengshui
平陆县,pingluxian
普陀山,putuoshan
平谷区,pinggu
青岛,qingdao
秦皇岛,qinhuangdao
齐齐哈尔,qiqihaer
七台河,qitaihe
衢州,quzhou
泉州,quanzhou
潜江,qianjiang
清远,qingyuan
钦州,qinzhou
黔西南,qianxinan
黔东南,qiandongnan
黔南,qiannan
曲靖,qujing
庆阳,qingyang
琼海,qionghai
琼中,qiongzhong
青龙满族自治县,qinglong
迁安市,qianan
迁西县,qianxi
清苑区,bdqingyuan
曲阳县,quyang
青县,qingxian
清河县,qinghe
邱县,qiuxian
曲周县,quzhouxian
清徐县,qingxu
沁县,qinxian
沁源县,qinyuan
沁水县,qinshui
祁县,qixian
曲沃县,quwo
清水河县,qingshuihe
清原满族自治县,fsqingyuan
乾安县,qiananxian
前郭尔罗斯蒙古族自治县,qianguoerluo
青冈县,qinggang
庆安县,qingan
启东市,qidong
青田县,qingtian
庆元县,lsqingyuan
全椒县,quanjiao
潜山县,qianshan
祁门县,qimen
青阳县,qingyangxian
清流县,qingliu
全南县,quannan
铅山县,qianshanxian
齐河县,qihe
庆云县,qingyun
青州市,qingzhou
栖霞市,qixia
曲阜市,qufu
沁阳市,qinyang
淇县,hbqixian
清丰县,qingfeng
杞县,kfqixian
确山县,queshan
蕲春县,qichun
祁东县,qidongxian
祁阳县,qiyang
全州县,quanzhouxian
邛崃市,qionglai
青川县,qingchuan
犍为县,jianwei
渠县,quxian
青神县,qingshen
清镇市,qingzhen
七星关区,bijie
黔西县,qianxixian
晴隆县,qinglongxian
巧家县,qiaojia
丘北县,qiubei
曲水县,qushui
琼结县,qiongjie
曲松县,qusong
乾县,qianxian
岐山县,qishan
千阳县,qianyang
清涧县,qingjian
清水县,qingshui
秦安县,qinan
庆城县,qingcheng
祁连县,qilian
曲麻莱县,qumalai
青铜峡市,qingtongxia
綦江区,qijian
千岛湖,qiandaohu
青城山,qingchengshan
青海湖,qinghaihu
青白江区,qingbaijiang
黔江区,qianjiangcq
日照,rizhao
日喀则,rikazediqu
饶阳县,raoyang
任丘市,renqiu
任县,renxian
饶河县,raohe
如皋市,rugao
如东县,rudong
瑞安,ruian
瑞昌市,ruicang
瑞金市,ruijin
荣成,rongcheng
乳山市,rushan
汝阳县,ruyang
汝州市,ruzhou
汝南县,runan
汝城县,rucheng
仁化县,renhua
乳源瑶族自治县,ruyuan
饶平县,raoping
融安县,rongan
融水苗族自治县,rongshui
容县,rongxian
荣县,rongxianxian
仁寿县,renshou
壤塘县,rangtang
若尔盖县,nuoergai
仁怀市,renhuai
榕江县,rongjian
瑞丽市,ruili
仁布县,renbu
日土县,ritou
荣昌区,rongcang
容城县,rongchengxian
芮城县,ruichengxian
上海,shanghai
苏州,suzhou
深圳,shenzhen
沈阳,shenyang
石家庄,shijiazhuang
朔州,shuozhou
四平,siping
松原,songyuan
双鸭山,shuangyashan
绥化,suihua
宿迁,suqian
绍兴,shaoxing
宿州,anhuisuzhou
三明,sanming
上饶,shangrao
三门峡,sanmenxia
商丘,shangqiu
十堰,shiyan
随州,suizhou
邵阳,shaoyang
韶关,shaoguan
汕头,shantou
汕尾,shanwei
遂宁,suining
山南,shannan
商洛,shangluo
石嘴山,shizuishan
三亚,sanya
神农架林区,shennongjia
深泽县,shenzhe
尚义县,shangyi
三河市,sanhe
顺平县,shunping
深州市,shenzhou
肃宁县,suning
沙河市,shahe
涉县,shexian
山阴县,shanyin
神池县,shenchi
寿阳县,shouyang
石楼县,shilou
商都县,shangdu
绥中县,suizhong
舒兰市,shulan
双辽市,shuangliao
双城区,shuangcheng
尚志市,shangzhi
孙吴县,sunwu
绥滨县,suibin
绥芬河市,suifenhe
绥棱县,suileng
睢宁县,szsuining
沭阳县,shuyang
泗阳县,siyang
泗洪县,sihong
射阳县,sheyang
嵊泗县,shengsi
上虞区,shangyu
嵊州市,shengzhou
三门县,sanmen
遂昌县,suicang
松阳县,songyang
泗县,sixian
濉溪县,suixi
宿松县,susong
歙县,hsxixian
寿县,shouxian
舒城县,shucheng
石台县,shitai
邵武市,shaowu
顺昌县,shuncang
松溪县,songxi
沙县,shaxian
石狮,shishi
上杭县,shanghang
寿宁县,shouning
上栗县,shangli
上犹县,shangyou
石城县,shicheng
上饶县,shangraoxian
上高县,shanggao
遂川县,suichuan
商河县,shanghe
莘县,xinxian
寿光市,shouguang
泗水县,sishui
单县,danxian
陕州区,shanxian
嵩县,songxian
睢县,suixian
社旗县,sheqi
商城县,shangcheng
商水县,shangshui
沈丘县,shenqiu
遂平县,suiping
上蔡县,shangcha
沙洋县,shayang
石首市,shishou
松滋市,songzi
桑植县,sangzhi
石门县,shimen
韶山市,shaoshan
双牌县,shuangpai
邵东县,shaodong
邵阳县,shaoyangxian
绥宁县,zysuining
双峰县,shuangfeng
始兴县,shixing
四会市,sihui
遂溪县,suixixian
上林县,shanglin
三江侗族自治县,sanjiang
上思县,shangsi
双流区,shuangliu
三台县,santai
什邡市,shifang
射洪县,shehong
石棉县,shimian
松潘县,songpan
石渠县,shiqu
色达县,seda
绥阳县,suiyang
石阡县,shiqian
思南县,sinan
松桃苗族自治县,songtao
施秉县,shibing
三穗县,sansui
三都水族自治县,sandu
嵩明县,songming
石林彝族自治县,shilin
师宗县,shizong
施甸县,shidian
绥江县,suijian
水富县,shuifu
双江拉祜族佤族布朗族傣族自治县,shuangjiang
双柏县,shuangbo
石屏县,shiping
申扎县,shenzha
索县,suoxian
桑日县,sangri
桑珠孜区,rikaze
萨迦县,sajia
萨嘎县,sagaxian
三原县,sanyuan
神木市,shenmu
绥德县,suide
石泉县,shiquan
商南县,shangnan
山阳县,shanyang
肃北蒙古族自治县,subei
山丹县,shandan
肃南裕固族自治县,sunan
石柱土家族自治县,shizhu
三沙,sansha
顺德区,shunde
三清山,sanqingshan
三峡,sanxia
四子王旗,siziwangqi
苏尼特左旗,suzuoqi
苏尼特右旗,suyouqi
随县,szsuixian
水城县,shuichengxian
双湖县,shuanghuxian
双廊,shuanglang
石岛,shidao
上街区,shangjie
石碣镇,shijie
石排镇,shipai
沙田镇,shatian
双阳区,shuangyang
三水区,sanshui
天津,tianjin
太原,taiyuan
唐山,tangshan
通辽,tongliao
铁岭,tieling
通化,tonghua
泰州,taizhou
台州,zhejiangtaizhou
铜陵,tongling
泰安,taian
天门,tianmen
铜仁,tongrendiqu
铜川,tongchuan
天水,tianshui
屯昌县,tunchang
太仓,taicang
唐县,tangxian
天镇县,tianzhen
屯留县,tunliu
太谷县,taigu
托克托县,tuoketuo
突泉县,tuquan
铁岭县,tielingxian
台安县,taianxian
洮南市,taonan
通榆县,tongyu
通化县,tonghuaxian
图们市,tumen
通河县,tonghe
泰来县,tailai
铁力市,tieli
同江市,tongjiang
汤原县,tangyuan
塔河县,tahe
泰兴市,taixing
通州区,tongzhou
桐庐县,tonglu
桐乡市,tongxiang
天台县,tiantai
泰顺县,taishun
太和县,taihe
天长市,tianchang
桐城市,tongcheng
太湖县,taihu
泰宁县,taining
铜鼓县,tonggu
泰和县,taihexian
郯城县,tancheng
滕州市,tengzhou
汤阴县,tangyin
台前县,taiqian
通许县,tongxu
唐河县,tanghe
桐柏县,tongbo
太康县,taikang
团风县,tuanfeng
通城县,tongchengxian
通山县,tongshanxian
桃源县,taoyuanxian
桃江县,taojian
通道侗族自治县,tongdao
台山市,taishan
藤县,tengxian
天等县,tiandeng
田阳县,tianyang
田东县,tiandong
田林县,tianlin
天峨县,tiane
通江县,tongjiangxian
天全县,tianquan
桐梓县,tongzi
天柱县,tianzhu
台江县,taijian
通海县,tonghai
腾冲市,tengchong
潼关县,tongguan
太白县,taibai
天祝藏族自治县,tianzhuxian
通渭县,tongwei
同仁县,tongrenxian
天峻县,tianjun
同心县,tongxin
潼南区,tongnan
铜梁区,tongliang
同德县,tongde
土默特左旗,tuzuoqi
土默特右旗,tuyouqi
太仆寺旗,taipusiqi
天目湖,tianmuhu
同里,tongli
天目山,tianmushan
天柱山,tianzhushan
天台山,tiantaishan
无锡,wuxi
武汉,wuhan
乌海,wuhai
乌兰察布,wulanchabu
温州,wenzhou
芜湖,wuhu
潍坊,weifang
威海,weihai
梧州,wuzhou
文山州,wenshan
渭南,weinan
武威,wuwei
吴忠,wuzhong
乌兰浩特市,wulanhaote
万宁,wanning
文昌,wenchang
五指山,wuzhishan
吴江,wujiang
瓦房店市,wafangdian
无极县,wuji
万全区,wanquan
围场满族蒙古族自治县,weichang
文安县,wenan
望都县,wangdu
武邑县,wuyi
武强县,wuqiang
吴桥县,wuqiao
威县,xtweixian
武安市,wuan
魏县,hdweixian
武乡县,wuxiang
五台县,wutai
五寨县,wuzai
文水县,wenshui
武川县,wuchuanxian
五原县,wuyuanxian
汪清县,wangqing
五常市,wuchang
五大连池市,wudalianchi
望奎县,wangkui
武义县,wuyixian
温岭市,wenling
文成县,wencheng
五河县,wuhe
芜湖县,wuhuxian
望江县,wangjian
无为县,wuweixian
武夷山,wuyishan
武平县,wuping
武宁县,wuning
万年县,wannian
婺源县,wuyuan
万载县,wanzai
万安县,wanan
武城县,wucheng
文登区,wendeng
五莲县,wulian
微山县,weishan
汶上县,wenshang
无棣县,wudi
武陟县,wuzhi
温县,wenxian
卫辉市,weihui
尉氏县,weishi
舞阳县,wuyang
舞钢市,wugang
武穴市,wuxue
五峰土家族自治县,wufeng
武冈市,wugangshi
翁源县,wengyuan
五华县,wuhua
吴川市,wuchuan
武鸣区,wuming
武宣县,wuxuan
旺苍县,wangcang
武胜县,wusheng
威远县,weiyuan
万源市,wanyuan
汶川县,wenchuan
务川仡佬族苗族自治县,wuchuanzzxian
威宁彝族回族苗族自治县,weining
瓮安县,wengan
望谟县,wangmo
威信县,weixin
维西傈僳族自治县,weixi
巍山彝族回族自治县,weishanxian
武定县,wuding
文山市,wenshanshi
吴起县,wuqi
武功县,wugong
吴堡县,wubao
武山县,wushan
渭源县,weiyuanxian
文县,wenxianxian
乌兰县,wulan
武隆区,wulong
巫溪县,wuxia
巫山县,wushanxian
乌镇,wuzhen
武当山,wudangshan
万荣县,wanrongxian
闻喜县,wenxixian
翁牛特旗,wenteqi
乌审旗,wushenqi
乌拉特前旗,wuqianqi
乌拉特中旗,wuzhongqi
乌拉特后旗,wuhouqi
涠洲岛,weizhoudao
温江区,wenjiang
万州区,wanzhou
武清区,wuqing
厦门,xiamen
西安,xian
西宁,xining
邢台,xingtai
忻州,xinzhou
兴安盟,xingan
锡林郭勒,xilinguole
徐州,xuzhou
宣城,xuancheng
新余,xinyu
新乡,xinxiang
许昌,xuchang
信阳,xinyang
襄阳,xiangyang
孝感,xiaogan
咸宁,xianning
仙桃,xiantao
湘潭,xiangtan
湘西,xiangxi
西双版纳,xishuangbanna
咸阳,xianyang
锡林浩特市,xilinhaote
西昌市,xichang
辛集市,xinji
新乐市,xinle
行唐县,xingtang
宣化区,xuanhua
兴隆县,xinglong
香河县,xianghe
徐水区,xushui
雄县,xiongxian
献县,xianxian
邢台县,xingtaixian
新河县,xinhe
襄垣县,xiangyuan
昔阳县,xiyang
襄汾县,xiangfen
乡宁县,xiangning
隰县,xixian
孝义市,xiaoyi
兴县,xingxian
兴和县,xinghe
新民市,xinmin
西丰县,xifeng
新宾满族自治县,xinbin
岫岩满族自治县,xiuyan
兴城市,xingcheng
逊克县,xunke
新沂市,xinyi
盱眙县,xuyi
响水县,xiangshui
兴化市,xinghua
新昌县,xincang
仙居县,xianju
萧县,xiaoxian
休宁县,xiuning
仙游县,xianyou
霞浦县,xiapu
修水县,xiushui
庐山市,xingzi
信丰县,xinfeng
兴国县,xingguo
寻乌县,xunwu
峡江县,xiajian
新干县,jaxinganxian
夏津县,xiajin
新泰市,xintai
新郑市,xinzheng
新密市,xinmi
荥阳市,xingyang
新安县,xinan
修武县,xiuwu
新乡县,xinxiangxian
浚县,xunxian
祥符区,xiangfuqu
夏邑县,xiayi
建安区,xuchangxian
襄城县,xcxiangcheng
西峡县,xixia
淅川县,xichuan
新野县,xinye
息县,xyxixian
新县,xinxianxian
项城市,xiangcheng
西华县,xihua
西平县,xiping
新蔡县,xincha
孝昌县,xiaocang
浠水县,xishui
兴山县,xingshan
宣恩县,xuanen
咸丰县,xianfeng
湘阴县,xiangyin
湘乡市,xiangxiang
湘潭县,xiangtanxian
新田县,xintian
新邵县,xinshao
新宁县,xinning
溆浦县,xupu
新晃侗族自治县,xinhuang
新化县,xinhua
新丰县,xinfengxian
兴宁市,xingning
新兴县,xinxing
信宜市,xinyishi
徐闻县,xuwen
兴安县,xinganxian
兴业县,xingye
西林县,xilin
象州县,xiangzhou
忻城县,xincheng
新津县,xinjin
西充县,xichong
叙永县,xuyong
兴文县,xingwen
宣汉县,xuanhan
小金县,xiaojin
新龙县,xinliu
乡城县,gzzxiangcheng
喜德县,xide
修文县,xiuwen
息烽县,xifengxian
习水县,xishuixian
兴义市,xingyi
兴仁县,xingren
寻甸回族彝族自治县,xundian
宣威市,xuanwei
新平彝族傣族自治县,xinping
西盟佤族自治县,ximeng
香格里拉市,xianggelila
祥云县,xiangyun
西畴县,xichou
谢通门县,xietongmen
兴平市,xingping
旬邑县,xunyi
西乡县,xixiang
旬阳县,xunyang
西和县,xihe
夏河县,xiahe
循化撒拉族自治县,xunhua
西吉县,xiji
秀山土家族苗族自治县,xiushan
兴海县,xinghai
象山,xiangshan
西塘,xitang
新绛县,xinjiangxian
夏县,xiaxian
新巴尔虎左旗,chenhuzuoqi
新巴尔虎右旗,chenhuyouqi
西乌珠穆沁旗,xiwuqinqi
镶黄旗,xianghuangqi
西递,xidi
仙都,xiandu
西岭雪山,xilingxueshan
西江千户苗寨,xijiangqianhu
喜洲,xizhou
新都区,xindu
新会,xinhui
薛城,xuecheng
新洲区,xinzhouwh
扬州,yangzhou
阳泉,yangquan
运城,yuncheng
营口,yingkou
延边,yanbian
伊春,yichun
盐城,yancheng
鹰潭,yingtan
宜春,jiangxiyichun
烟台,yantai
宜昌,yichang
岳阳,yueyang
益阳,yiyang
永州,yongzhou
阳江,yangjiang
云浮,yunfu
玉林,guangxiyulin
宜宾,yibin
雅安,yaan
玉溪,yuxi
延安,yanan
榆林,yulin
玉树,yushu
银川,yinchuan
延吉市,yanji
义乌,yiwu
余姚,yuyao
仪征市,yizheng
宜兴,yixing
延庆区,yanqing
元氏县,yuanshi
蔚县,weixian
阳原县,yangyuan
玉田县,yutian
永清县,yongqing
易县,bdyixian
盐山县,yanshan
永年区,yongnian
阳曲县,yangqu
应县,yingxian
右玉县,youyu
阳高县,yanggao
盂县,yuxian
阳城县,yangcheng
原平市,yuanping
榆社县,yushe
翼城县,yichengxian
永和县,yonghe
牙克石市,yakeshi
义县,jzyixian
榆树市,ccyushushi
永吉县,yongjixian
伊通满族自治县,yitong
依兰县,yilan
延寿县,yanshou
依安县,yian
友谊县,youyi
扬中市,yangzhong
永康,yongkang
玉环市,yuhuan
乐清,yueqing
永嘉县,yongjia
云和县,yunhe
颍上县,yingshang
义安区,yianqu
岳西县,yuexi
黟县,hsyixian
永泰县,yongtai
永安市,yongan
尤溪县,youxi
永春县,yongchun
云霄县,yunxiao
永定区,yongding
永修县,yongxiu
余江县,yujian
于都县,yudu
玉山县,yushan
弋阳县,sryiyang
余干县,yugan
宜黄县,yihuang
宜丰县,yifeng
永丰县,yongfeng
永新县,yongxin
阳谷县,yanggu
禹城市,yucheng
沂源县,yiyuan
沂水县,yishui
沂南县,yinan
兖州区,yanzhou
鱼台县,yutai
阳信县,yangxin
郓城县,yunchengxian
义马市,yima
偃师市,yanshi
宜阳县,lyyiyang
伊川县,yichuan
原阳县,yuanyang
延津县,yanjin
永城市,yongcheng
虞城县,yuchengxian
禹州市,yuzhou
鄢陵县,yanling
叶县,yexian
郧阳区,yunyangqu
郧西县,yunxi
宜城市,yicheng
应城市,yingcheng
云梦县,yunmeng
英山县,yingshan
阳新县,yangxinxian
宜都市,yidu
远安县,yuanan
沅江市,yuanjian
岳阳县,yueyangxian
攸县,youxian
炎陵县,yanlingxian
永兴县,yongxing
宜章县,yizhang
沅陵县,yuanling
永顺县,yongshun
英德市,yingde
阳山县,yangshan
云安区,yunan
郁南县,yunanxian
阳春市,yangchun
阳西县,yangxi
阳东区,yangdong
阳朔县,yangsu
永福县,yongfu
宜州区,yizhou
盐亭县,yanting
营山县,yingshanxian
仪陇县,yilong
岳池县,yuechi
宜宾县,yibinxian
盐边县,yanbianxian
荥经县,yingjing
雅江县,yajian
盐源县,yanyuan
越西县,yuexixian
余庆县,yuqing
玉屏侗族自治县,yuping
印江土家族苗族自治县,yinjiang
沿河土家族自治县,yanhe
宜良县,yiliang
易门县,yimen
元江哈尼族彝族傣族自治县,yuanjiang
盐津县,yanjinxian
永善县,yongshan
彝良县,yiliangxian
永胜县,yongsheng
玉龙纳西族自治县,yulong
云县,yunxianxian
永德县,yongde
盈江县,yingjian
永平县,yongping
云龙县,yunliu
漾濞彝族自治县,yangbi
姚安县,yaoan
永仁县,yongren
元谋县,yuanmou
元阳县,yuanyangxian
砚山县,yanshanxian
亚东县,yadong
延长县,yanchang
延川县,yanchuan
宜川县,yichuanxian
宜君县,yijun
永寿县,yongshou
洋县,yangxian
永登县,yongdeng
榆中县,yuzhong
永昌县,yongcang
玉门市,yumen
永靖县,yongjing
玉树市,yushushi
永宁县,yongning
盐池县,yanchi
云阳县,yunyang
酉阳土家族苗族自治县,youyang
永济市,yongji
夷陵区,yiling
垣曲县,hengquxian
伊金霍洛旗,yijinqi
亚布力,yabuli
雁荡山,yandangshan
永川区,yongchuan
杨陵区,yangling
阎良区,yanliang
郑州,zhengzhou
珠海,zhuhai
张家口,zhangjiakou
镇江,zhenjiang
舟山,zhoushan
漳州,zhangzhou
淄博,zibo
枣庄,zaozhuang
周口,zhoukou
驻马店,zhumadian
株洲,zhuzhou
张家界,zhangjiajie
湛江,zhanjiang
肇庆,zhaoqing
中山,zhongshan
自贡,zigong
资阳,ziyang
遵义,zunyi
昭通,zhaotong
张掖,zhangye
中卫,zhongwei
张家港,zhangjiagang
庄河市,zhuanghe
正定县,zhengding
赞皇县,zanhuang
赵县,zhaoxian
张北县,zhangbei
涿鹿县,zhuolu
遵化市,zunhua
涿州市,zhuozhou
枣强县,zaoqiang
左云县,zuoyun
泽州县,zhezhou
左权县,zuoquan
中阳县,zhongyang
扎兰屯市,zalantun
卓资县,zhuozi
彰武县,zhangwu
镇赉县,zhenlai
肇州县,zhaozhou
肇源县,zhaoyuanxian
肇东市,zhaodong
诸暨,zhuji
枞阳县,zongyang
政和县,zhenghe
漳浦县,zhangpu
诏安县,zhaoan
漳平市,zhangping
柘荣县,zherong
周宁县,zhouning
资溪县,zixi
樟树市,zhangshu
章丘,zhangqiu
诸城市,zhucheng
招远市,zhaoyuan
邹城市,zoucheng
沾化区,zhanhua
邹平县,zouping
中牟县,zhongmo
柘城县,zhecheng
镇平县,zhenping
正阳县,zhengyang
竹山县,zhushan
竹溪县,zhuxi
枣阳市,zaoyang
钟祥市,zhongxiang
枝江市,zhijian
秭归县,zigui
株洲县,zhuzhouxian
资兴市,zixing
中方县,zhongfang
芷江侗族自治县,zhijiang
紫金县,zijin
资源县,ziyuan
昭平县,zhaoping
钟山县,zhongshanxian
梓潼县,zitong
中江县,zhongjian
资中县,zizhong
昭觉县,zhaojue
播州区,zunyixian
正安县,zhengan
镇宁布依族苗族自治县,zhenning
紫云苗族布依族自治县,ziyun
织金县,zhijin
镇远县,zhenyuan
贞丰县,zhenfeng
沾益区,zhanyi
镇雄县,zhenxiong
镇沅彝族哈尼族拉祜族自治县,zhenyuanzzxian
镇康县,zhenkang
左贡县,zuogong
扎囊县,zhanang
仲巴县,zhongba
札达县,zhada
周至县,zhouzhi
子长县,zichang
志丹县,zhidan
镇巴县,zhenba
子洲县,zizhou
紫阳县,ziyangxian
镇坪县,zhenpin
镇安县,zhenan
柞水县,zuoshui
张家川回族自治县,zhangjiachuan
正宁县,zhengning
镇原县,zhenyuanxian
庄浪县,zhuanglang
漳县,zhangxian
卓尼县,zhuoni
舟曲县,zhouqu
泽库县,zekun
杂多县,zaduo
治多县,zhiduo
忠县,zhongxian
周庄,zhouzhuang
扎鲁特旗,zhaluteqi
准格尔旗,zhungeerqi
扎赉特旗,zhalaiteqi
正镶白旗,zhengbaiqi
正蓝旗,zhenglanqi
中宁县,zhongningxian
朱家尖,zhujiajian
淄川,zichuan
周村,zhoucun
镇海区,zhenhai
